mutation	mutation_count	lineage_count	gene	ref_aa	alt_aa	codon_num	codon_end	type	prevalence	change_length_nt	pangolin_lineage	id	source
"s:d614g"	26135	26241	"S"	"D"	"G"	614	"None"	"substitution"	0.9959605197972639	"None"	"B.1.429"	"s_d614g"	
"orf1a:t265i"	26109	26241	"ORF1a"	"T"	"I"	265	"None"	"substitution"	0.9949697038984795	"None"	"B.1.429"	"orf1a_t265i"	
"orf3a:q57h"	26103	26241	"ORF3a"	"Q"	"H"	57	"None"	"substitution"	0.9947410540756831	"None"	"B.1.429"	"orf3a_q57h"	
"orf1a:i4205v"	26012	26241	"ORF1a"	"I"	"V"	4205	"None"	"substitution"	0.9912731984299379	"None"	"B.1.429"	"orf1a_i4205v"	
"n:t205i"	25872	26241	"N"	"T"	"I"	205	"None"	"substitution"	0.9859380358980222	"None"	"B.1.429"	"n_t205i"	
"orf1b:d1183y"	25677	26241	"ORF1b"	"D"	"Y"	1183	"None"	"substitution"	0.9785069166571396	"None"	"B.1.429"	"orf1b_d1183y"	
"s:l452r"	25433	26241	"S"	"L"	"R"	452	"None"	"substitution"	0.9692084905300865	"None"	"B.1.429"	"s_l452r"	
"s:w152c"	25282	26241	"S"	"W"	"C"	152	"None"	"substitution"	0.9634541366563775	"None"	"B.1.429"	"s_w152c"	
"s:s13i"	25105	26241	"S"	"S"	"I"	13	"None"	"substitution"	0.956708966883884	"None"	"B.1.429"	"s_s13i"	
"orf1b:p314l"	24354	26241	"ORF1b"	"P"	"L"	314	"None"	"substitution"	0.9280896307305362	"None"	"B.1.429"	"orf1b_p314l"	
